,data_mode,model,class,accuracy,precision,recall,f1,macro_roc_auc,micro_roc_auc,support,roc_auc
0,X_channel,mlp,GLOBAL,0.8823,0.8821066615673774,0.8823,0.8819751182494939,0.9960484621751445,0.9971630167592592,,
1,X_channel,mlp,CD14-Mono,,0.7938517179023508,0.8409961685823755,0.8167441860465116,,,522.0,0.9978753555804588
2,X_channel,mlp,CD49c-Myeloid,,0.8802816901408451,0.872382851445663,0.8763144717075613,,,2006.0,0.9959318123360861
3,X_channel,mlp,CyclingProgenitor*,,0.959079283887468,0.9517766497461929,0.9554140127388535,,,394.0,0.9998873530574645
4,X_channel,mlp,DCs-CD14,,0.9629629629629629,0.8666666666666667,0.912280701754386,,,60.0,0.9999638165219329
5,X_channel,mlp,EarlyGMP,,0.8208955223880597,0.650887573964497,0.7260726072607261,,,169.0,0.9940405903949249
6,X_channel,mlp,Early_Pro-B,,0.9197860962566845,0.8472906403940886,0.882051282051282,,,203.0,0.998074656571867
7,X_channel,mlp,EosBasoMastPre,,0.916403785488959,0.9021739130434783,0.9092331768388108,,,1932.0,0.9975731261641722
8,X_channel,mlp,EosBasoMastPre_2,,0.8481116584564861,0.8146687697160884,0.8310539018503621,,,1268.0,0.9952870232071781
9,X_channel,mlp,EryPro,,0.9453961456102784,0.94136460554371,0.9433760683760684,,,938.0,0.9996306330748804
10,X_channel,mlp,GMP-Cycle,,0.8549382716049383,0.867084035636889,0.8609683203825462,,,4153.0,0.9896949757808622
11,X_channel,mlp,GMP-Neutro,,0.8923493568043331,0.8931556358707928,0.8927523142921652,,,4427.0,0.9933711074717729
12,X_channel,mlp,GMP-Neutro/CD16-Mono,,0.8984615384615384,0.9389067524115756,0.9182389937106917,,,311.0,0.9978420450632977
13,X_channel,mlp,HSCs,,0.9043062200956937,0.8217391304347826,0.8610478359908884,,,230.0,0.9993523535511384
14,X_channel,mlp,MEP,,0.8248447204968944,0.8064777327935223,0.8155578300921187,,,2470.0,0.9898601010895733
15,X_channel,mlp,MLP,,0.8636911942098915,0.8122518434486671,0.8371821104940076,,,1763.0,0.9938805284200977
16,X_channel,mlp,MPP,,0.9045507134593135,0.9279920870425321,0.9161214725124499,,,5055.0,0.9954518972401994
17,X_channel,mlp,MgkPro,,0.9682539682539683,0.9682539682539683,0.9682539682539683,,,63.0,0.9999867446505386
18,X_channel,mlp,Pro-B,,0.8571428571428571,0.9090909090909091,0.8823529411764706,,,132.0,0.9919785947055935
19,X_channel,mlp,pDCs/cDCs,,0.895,0.9170081967213115,0.9058704453441295,,,3904.0,0.9952380664457087
20,X_channel,lm,GLOBAL,0.8823,0.8821066615673774,0.8823,0.8819751182494939,0.9960484621751445,0.9971630167592592,,
21,X_channel,lm,CD14-Mono,,0.7938517179023508,0.8409961685823755,0.8167441860465116,,,522.0,0.9978753555804588
22,X_channel,lm,CD49c-Myeloid,,0.8802816901408451,0.872382851445663,0.8763144717075613,,,2006.0,0.9959318123360861
23,X_channel,lm,CyclingProgenitor*,,0.959079283887468,0.9517766497461929,0.9554140127388535,,,394.0,0.9998873530574645
24,X_channel,lm,DCs-CD14,,0.9629629629629629,0.8666666666666667,0.912280701754386,,,60.0,0.9999638165219329
25,X_channel,lm,EarlyGMP,,0.8208955223880597,0.650887573964497,0.7260726072607261,,,169.0,0.9940405903949249
26,X_channel,lm,Early_Pro-B,,0.9197860962566845,0.8472906403940886,0.882051282051282,,,203.0,0.998074656571867
27,X_channel,lm,EosBasoMastPre,,0.916403785488959,0.9021739130434783,0.9092331768388108,,,1932.0,0.9975731261641722
28,X_channel,lm,EosBasoMastPre_2,,0.8481116584564861,0.8146687697160884,0.8310539018503621,,,1268.0,0.9952870232071781
29,X_channel,lm,EryPro,,0.9453961456102784,0.94136460554371,0.9433760683760684,,,938.0,0.9996306330748804
30,X_channel,lm,GMP-Cycle,,0.8549382716049383,0.867084035636889,0.8609683203825462,,,4153.0,0.9896949757808622
31,X_channel,lm,GMP-Neutro,,0.8923493568043331,0.8931556358707928,0.8927523142921652,,,4427.0,0.9933711074717729
32,X_channel,lm,GMP-Neutro/CD16-Mono,,0.8984615384615384,0.9389067524115756,0.9182389937106917,,,311.0,0.9978420450632977
33,X_channel,lm,HSCs,,0.9043062200956937,0.8217391304347826,0.8610478359908884,,,230.0,0.9993523535511384
34,X_channel,lm,MEP,,0.8248447204968944,0.8064777327935223,0.8155578300921187,,,2470.0,0.9898601010895733
35,X_channel,lm,MLP,,0.8636911942098915,0.8122518434486671,0.8371821104940076,,,1763.0,0.9938805284200977
36,X_channel,lm,MPP,,0.9045507134593135,0.9279920870425321,0.9161214725124499,,,5055.0,0.9954518972401994
37,X_channel,lm,MgkPro,,0.9682539682539683,0.9682539682539683,0.9682539682539683,,,63.0,0.9999867446505386
38,X_channel,lm,Pro-B,,0.8571428571428571,0.9090909090909091,0.8823529411764706,,,132.0,0.9919785947055935
39,X_channel,lm,pDCs/cDCs,,0.895,0.9170081967213115,0.9058704453441295,,,3904.0,0.9952380664457087
40,X_pca,mlp,GLOBAL,0.8809333333333333,0.8812448151752458,0.8809333333333333,0.8807239854022507,0.9957423191424359,0.9970227983333333,,
41,X_pca,mlp,CD14-Mono,,0.8323232323232324,0.789272030651341,0.8102261553588987,,,522.0,0.9976358757319895
42,X_pca,mlp,CD49c-Myeloid,,0.8578407425500733,0.8753738783649053,0.8665186281766593,,,2006.0,0.9955337513215872
43,X_pca,mlp,CyclingProgenitor*,,0.9478908188585607,0.9695431472081218,0.9585947302383939,,,394.0,0.9998989692376117
44,X_pca,mlp,DCs-CD14,,0.9803921568627451,0.8333333333333334,0.9009009009009009,,,60.0,0.9999526831440659
45,X_pca,mlp,EarlyGMP,,0.8547008547008547,0.591715976331361,0.6993006993006993,,,169.0,0.9940947416005628
46,X_pca,mlp,Early_Pro-B,,0.8775510204081632,0.8472906403940886,0.8621553884711779,,,203.0,0.9955174513386229
47,X_pca,mlp,EosBasoMastPre,,0.9387527839643652,0.8726708074534162,0.9045064377682402,,,1932.0,0.9975961034883929
48,X_pca,mlp,EosBasoMastPre_2,,0.8211256746337703,0.8399053627760252,0.8304093567251462,,,1268.0,0.9953974201266486
49,X_pca,mlp,EryPro,,0.9407407407407408,0.9477611940298507,0.9442379182156135,,,938.0,0.9996059817119168
50,X_pca,mlp,GMP-Cycle,,0.8460648148148148,0.8800866843245846,0.8627404697273693,,,4153.0,0.989361915998469
51,X_pca,mlp,GMP-Neutro,,0.890617952187641,0.8920262028461712,0.891321521272994,,,4427.0,0.9932358519820805
52,X_pca,mlp,GMP-Neutro/CD16-Mono,,0.9270833333333334,0.8585209003215434,0.8914858096828047,,,311.0,0.9978406371127744
53,X_pca,mlp,HSCs,,0.85,0.8869565217391304,0.8680851063829788,,,230.0,0.9986046647485798
54,X_pca,mlp,MEP,,0.823045267489712,0.8097165991902834,0.816326530612245,,,2470.0,0.9898056297803943
55,X_pca,mlp,MLP,,0.8625817965496728,0.8224617129892229,0.8420441347270614,,,1763.0,0.9938811812687244
56,X_pca,mlp,MPP,,0.914540059347181,0.914540059347181,0.914540059347181,,,5055.0,0.9952733283252829
57,X_pca,mlp,MgkPro,,0.9104477611940298,0.9682539682539683,0.9384615384615386,,,63.0,0.9999904561483878
58,X_pca,mlp,Pro-B,,0.8656716417910447,0.8787878787878788,0.8721804511278195,,,132.0,0.990530303030303
59,X_pca,mlp,pDCs/cDCs,,0.8968531468531469,0.9198258196721312,0.9081942336874052,,,3904.0,0.9953471176098844
60,X_pca,lm,GLOBAL,0.8809333333333333,0.8812448151752458,0.8809333333333333,0.8807239854022507,0.9957423191424359,0.9970227983333333,,
61,X_pca,lm,CD14-Mono,,0.8323232323232324,0.789272030651341,0.8102261553588987,,,522.0,0.9976358757319895
62,X_pca,lm,CD49c-Myeloid,,0.8578407425500733,0.8753738783649053,0.8665186281766593,,,2006.0,0.9955337513215872
63,X_pca,lm,CyclingProgenitor*,,0.9478908188585607,0.9695431472081218,0.9585947302383939,,,394.0,0.9998989692376117
64,X_pca,lm,DCs-CD14,,0.9803921568627451,0.8333333333333334,0.9009009009009009,,,60.0,0.9999526831440659
65,X_pca,lm,EarlyGMP,,0.8547008547008547,0.591715976331361,0.6993006993006993,,,169.0,0.9940947416005628
66,X_pca,lm,Early_Pro-B,,0.8775510204081632,0.8472906403940886,0.8621553884711779,,,203.0,0.9955174513386229
67,X_pca,lm,EosBasoMastPre,,0.9387527839643652,0.8726708074534162,0.9045064377682402,,,1932.0,0.9975961034883929
68,X_pca,lm,EosBasoMastPre_2,,0.8211256746337703,0.8399053627760252,0.8304093567251462,,,1268.0,0.9953974201266486
69,X_pca,lm,EryPro,,0.9407407407407408,0.9477611940298507,0.9442379182156135,,,938.0,0.9996059817119168
70,X_pca,lm,GMP-Cycle,,0.8460648148148148,0.8800866843245846,0.8627404697273693,,,4153.0,0.989361915998469
71,X_pca,lm,GMP-Neutro,,0.890617952187641,0.8920262028461712,0.891321521272994,,,4427.0,0.9932358519820805
72,X_pca,lm,GMP-Neutro/CD16-Mono,,0.9270833333333334,0.8585209003215434,0.8914858096828047,,,311.0,0.9978406371127744
73,X_pca,lm,HSCs,,0.85,0.8869565217391304,0.8680851063829788,,,230.0,0.9986046647485798
74,X_pca,lm,MEP,,0.823045267489712,0.8097165991902834,0.816326530612245,,,2470.0,0.9898056297803943
75,X_pca,lm,MLP,,0.8625817965496728,0.8224617129892229,0.8420441347270614,,,1763.0,0.9938811812687244
76,X_pca,lm,MPP,,0.914540059347181,0.914540059347181,0.914540059347181,,,5055.0,0.9952733283252829
77,X_pca,lm,MgkPro,,0.9104477611940298,0.9682539682539683,0.9384615384615386,,,63.0,0.9999904561483878
78,X_pca,lm,Pro-B,,0.8656716417910447,0.8787878787878788,0.8721804511278195,,,132.0,0.990530303030303
79,X_pca,lm,pDCs/cDCs,,0.8968531468531469,0.9198258196721312,0.9081942336874052,,,3904.0,0.9953471176098844
80,X_channel_scatter_concat,mlp,GLOBAL,0.8778333333333334,0.8782898363013285,0.8778333333333334,0.8776712111418502,0.9960054609827494,0.9970135594135804,,
81,X_channel_scatter_concat,mlp,CD14-Mono,,0.8423236514522822,0.7777777777777778,0.8087649402390438,,,522.0,0.99764471406561
82,X_channel_scatter_concat,mlp,CD49c-Myeloid,,0.8669634025717112,0.8738783649052841,0.8704071499503476,,,2006.0,0.9957699239211706
83,X_channel_scatter_concat,mlp,CyclingProgenitor*,,0.9739583333333334,0.949238578680203,0.961439588688946,,,394.0,0.9999265308753782
84,X_channel_scatter_concat,mlp,DCs-CD14,,0.9245283018867925,0.8166666666666667,0.8672566371681416,,,60.0,0.9999031396125585
85,X_channel_scatter_concat,mlp,EarlyGMP,,0.84,0.621301775147929,0.7142857142857143,,,169.0,0.9951934358424251
86,X_channel_scatter_concat,mlp,Early_Pro-B,,0.8871794871794871,0.8522167487684729,0.8693467336683417,,,203.0,0.9971513315636132
87,X_channel_scatter_concat,mlp,EosBasoMastPre,,0.8970286885245902,0.9063146997929606,0.9016477857878475,,,1932.0,0.9973765833699938
88,X_channel_scatter_concat,mlp,EosBasoMastPre_2,,0.8281004709576139,0.832018927444795,0.830055074744296,,,1268.0,0.9953130441618419
89,X_channel_scatter_concat,mlp,EryPro,,0.9396825396825397,0.9466950959488273,0.9431757833244822,,,938.0,0.9996239933476537
90,X_channel_scatter_concat,mlp,GMP-Cycle,,0.8237796686072548,0.8858656392968938,0.8536953242835597,,,4153.0,0.9893112744036522
91,X_channel_scatter_concat,mlp,GMP-Neutro,,0.9041031652989449,0.8710187485882087,0.8872526461113668,,,4427.0,0.9931761231578323
92,X_channel_scatter_concat,mlp,GMP-Neutro/CD16-Mono,,0.8847352024922118,0.9131832797427653,0.8987341772151899,,,311.0,0.9992340749153145
93,X_channel_scatter_concat,mlp,HSCs,,0.8790697674418605,0.8217391304347826,0.849438202247191,,,230.0,0.9990406887587446
94,X_channel_scatter_concat,mlp,MEP,,0.8174308137133416,0.8012145748987854,0.8092414639133101,,,2470.0,0.9891462828184491
95,X_channel_scatter_concat,mlp,MLP,,0.8570577724836212,0.8162223482699943,0.8361417780360255,,,1763.0,0.9937138310561539
96,X_channel_scatter_concat,mlp,MPP,,0.9093041438623924,0.9202769535113748,0.9147576442827646,,,5055.0,0.9951829772284388
97,X_channel_scatter_concat,mlp,MgkPro,,0.96875,0.9841269841269841,0.9763779527559054,,,63.0,0.999982502938711
98,X_channel_scatter_concat,mlp,Pro-B,,0.8333333333333334,0.9090909090909091,0.8695652173913043,,,132.0,0.9923765578647056
99,X_channel_scatter_concat,mlp,pDCs/cDCs,,0.9081764250709311,0.9018954918032787,0.905025061046138,,,3904.0,0.9950367487699892
100,X_channel_scatter_concat,lm,GLOBAL,0.8778333333333334,0.8782898363013285,0.8778333333333334,0.8776712111418502,0.9960054609827494,0.9970135594135804,,
101,X_channel_scatter_concat,lm,CD14-Mono,,0.8423236514522822,0.7777777777777778,0.8087649402390438,,,522.0,0.99764471406561
102,X_channel_scatter_concat,lm,CD49c-Myeloid,,0.8669634025717112,0.8738783649052841,0.8704071499503476,,,2006.0,0.9957699239211706
103,X_channel_scatter_concat,lm,CyclingProgenitor*,,0.9739583333333334,0.949238578680203,0.961439588688946,,,394.0,0.9999265308753782
104,X_channel_scatter_concat,lm,DCs-CD14,,0.9245283018867925,0.8166666666666667,0.8672566371681416,,,60.0,0.9999031396125585
105,X_channel_scatter_concat,lm,EarlyGMP,,0.84,0.621301775147929,0.7142857142857143,,,169.0,0.9951934358424251
106,X_channel_scatter_concat,lm,Early_Pro-B,,0.8871794871794871,0.8522167487684729,0.8693467336683417,,,203.0,0.9971513315636132
107,X_channel_scatter_concat,lm,EosBasoMastPre,,0.8970286885245902,0.9063146997929606,0.9016477857878475,,,1932.0,0.9973765833699938
108,X_channel_scatter_concat,lm,EosBasoMastPre_2,,0.8281004709576139,0.832018927444795,0.830055074744296,,,1268.0,0.9953130441618419
109,X_channel_scatter_concat,lm,EryPro,,0.9396825396825397,0.9466950959488273,0.9431757833244822,,,938.0,0.9996239933476537
110,X_channel_scatter_concat,lm,GMP-Cycle,,0.8237796686072548,0.8858656392968938,0.8536953242835597,,,4153.0,0.9893112744036522
111,X_channel_scatter_concat,lm,GMP-Neutro,,0.9041031652989449,0.8710187485882087,0.8872526461113668,,,4427.0,0.9931761231578323
112,X_channel_scatter_concat,lm,GMP-Neutro/CD16-Mono,,0.8847352024922118,0.9131832797427653,0.8987341772151899,,,311.0,0.9992340749153145
113,X_channel_scatter_concat,lm,HSCs,,0.8790697674418605,0.8217391304347826,0.849438202247191,,,230.0,0.9990406887587446
114,X_channel_scatter_concat,lm,MEP,,0.8174308137133416,0.8012145748987854,0.8092414639133101,,,2470.0,0.9891462828184491
115,X_channel_scatter_concat,lm,MLP,,0.8570577724836212,0.8162223482699943,0.8361417780360255,,,1763.0,0.9937138310561539
116,X_channel_scatter_concat,lm,MPP,,0.9093041438623924,0.9202769535113748,0.9147576442827646,,,5055.0,0.9951829772284388
117,X_channel_scatter_concat,lm,MgkPro,,0.96875,0.9841269841269841,0.9763779527559054,,,63.0,0.999982502938711
118,X_channel_scatter_concat,lm,Pro-B,,0.8333333333333334,0.9090909090909091,0.8695652173913043,,,132.0,0.9923765578647056
119,X_channel_scatter_concat,lm,pDCs/cDCs,,0.9081764250709311,0.9018954918032787,0.905025061046138,,,3904.0,0.9950367487699892
120,X_pca_scatter_concat,mlp,GLOBAL,0.8769333333333333,0.8778647810570811,0.8769333333333333,0.876678930805961,0.9956593869363877,0.9968677041358026,,
121,X_pca_scatter_concat,mlp,CD14-Mono,,0.822265625,0.8065134099616859,0.8143133462282399,,,522.0,0.9976579065782938
122,X_pca_scatter_concat,mlp,CD49c-Myeloid,,0.9034519956850054,0.8349950149551346,0.8678756476683939,,,2006.0,0.9952230007128005
123,X_pca_scatter_concat,mlp,CyclingProgenitor*,,0.9612403100775194,0.9441624365482234,0.9526248399487837,,,394.0,0.9998783515894534
124,X_pca_scatter_concat,mlp,DCs-CD14,,0.9811320754716981,0.8666666666666667,0.9203539823008849,,,60.0,0.9998318859942106
125,X_pca_scatter_concat,mlp,EarlyGMP,,0.84,0.621301775147929,0.7142857142857143,,,169.0,0.9961040885350393
126,X_pca_scatter_concat,mlp,Early_Pro-B,,0.9027027027027027,0.8226600985221675,0.8608247422680413,,,203.0,0.9933745437724663
127,X_pca_scatter_concat,mlp,EosBasoMastPre,,0.898974358974359,0.9073498964803313,0.9031427099433281,,,1932.0,0.9975592586298109
128,X_pca_scatter_concat,mlp,EosBasoMastPre_2,,0.8264591439688715,0.8375394321766562,0.8319623971797885,,,1268.0,0.9953878681306326
129,X_pca_scatter_concat,mlp,EryPro,,0.9409282700421941,0.9509594882729211,0.9459172852598091,,,938.0,0.9996048078374901
130,X_pca_scatter_concat,mlp,GMP-Cycle,,0.8098637248539909,0.9015169756802311,0.853236098450319,,,4153.0,0.9891359059890776
131,X_pca_scatter_concat,mlp,GMP-Neutro,,0.8919166475841539,0.8798283261802575,0.8858312485785764,,,4427.0,0.9927758419889413
132,X_pca_scatter_concat,mlp,GMP-Neutro/CD16-Mono,,0.8773584905660378,0.8971061093247589,0.8871224165341813,,,311.0,0.9976029100821063
133,X_pca_scatter_concat,mlp,HSCs,,0.8634361233480177,0.8521739130434782,0.8577680525164114,,,230.0,0.9985369718566985
134,X_pca_scatter_concat,mlp,MEP,,0.8375545851528384,0.7765182186234818,0.8058823529411764,,,2470.0,0.9891369150474051
135,X_pca_scatter_concat,mlp,MLP,,0.8565426170468188,0.8094157685762904,0.8323126275882181,,,1763.0,0.9935365173691583
136,X_pca_scatter_concat,mlp,MPP,,0.9174165166966607,0.9076162215628091,0.9124900556881465,,,5055.0,0.9951842619539445
137,X_pca_scatter_concat,mlp,MgkPro,,1.0,0.9523809523809523,0.975609756097561,,,63.0,0.9999904561483879
138,X_pca_scatter_concat,mlp,Pro-B,,0.8380281690140845,0.9015151515151515,0.8686131386861314,,,132.0,0.9919902622042036
139,X_pca_scatter_concat,mlp,pDCs/cDCs,,0.8941851759421013,0.9177766393442623,0.9058273290355202,,,3904.0,0.9950165973712447
140,X_pca_scatter_concat,lm,GLOBAL,0.8769333333333333,0.8778647810570811,0.8769333333333333,0.876678930805961,0.9956593869363877,0.9968677041358026,,
141,X_pca_scatter_concat,lm,CD14-Mono,,0.822265625,0.8065134099616859,0.8143133462282399,,,522.0,0.9976579065782938
142,X_pca_scatter_concat,lm,CD49c-Myeloid,,0.9034519956850054,0.8349950149551346,0.8678756476683939,,,2006.0,0.9952230007128005
143,X_pca_scatter_concat,lm,CyclingProgenitor*,,0.9612403100775194,0.9441624365482234,0.9526248399487837,,,394.0,0.9998783515894534
144,X_pca_scatter_concat,lm,DCs-CD14,,0.9811320754716981,0.8666666666666667,0.9203539823008849,,,60.0,0.9998318859942106
145,X_pca_scatter_concat,lm,EarlyGMP,,0.84,0.621301775147929,0.7142857142857143,,,169.0,0.9961040885350393
146,X_pca_scatter_concat,lm,Early_Pro-B,,0.9027027027027027,0.8226600985221675,0.8608247422680413,,,203.0,0.9933745437724663
147,X_pca_scatter_concat,lm,EosBasoMastPre,,0.898974358974359,0.9073498964803313,0.9031427099433281,,,1932.0,0.9975592586298109
148,X_pca_scatter_concat,lm,EosBasoMastPre_2,,0.8264591439688715,0.8375394321766562,0.8319623971797885,,,1268.0,0.9953878681306326
149,X_pca_scatter_concat,lm,EryPro,,0.9409282700421941,0.9509594882729211,0.9459172852598091,,,938.0,0.9996048078374901
150,X_pca_scatter_concat,lm,GMP-Cycle,,0.8098637248539909,0.9015169756802311,0.853236098450319,,,4153.0,0.9891359059890776
151,X_pca_scatter_concat,lm,GMP-Neutro,,0.8919166475841539,0.8798283261802575,0.8858312485785764,,,4427.0,0.9927758419889413
152,X_pca_scatter_concat,lm,GMP-Neutro/CD16-Mono,,0.8773584905660378,0.8971061093247589,0.8871224165341813,,,311.0,0.9976029100821063
153,X_pca_scatter_concat,lm,HSCs,,0.8634361233480177,0.8521739130434782,0.8577680525164114,,,230.0,0.9985369718566985
154,X_pca_scatter_concat,lm,MEP,,0.8375545851528384,0.7765182186234818,0.8058823529411764,,,2470.0,0.9891369150474051
155,X_pca_scatter_concat,lm,MLP,,0.8565426170468188,0.8094157685762904,0.8323126275882181,,,1763.0,0.9935365173691583
156,X_pca_scatter_concat,lm,MPP,,0.9174165166966607,0.9076162215628091,0.9124900556881465,,,5055.0,0.9951842619539445
157,X_pca_scatter_concat,lm,MgkPro,,1.0,0.9523809523809523,0.975609756097561,,,63.0,0.9999904561483879
158,X_pca_scatter_concat,lm,Pro-B,,0.8380281690140845,0.9015151515151515,0.8686131386861314,,,132.0,0.9919902622042036
159,X_pca_scatter_concat,lm,pDCs/cDCs,,0.8941851759421013,0.9177766393442623,0.9058273290355202,,,3904.0,0.9950165973712447
160,X_scatter,mlp,GLOBAL,0.2583,0.21429044483542578,0.2583,0.1993662643972128,0.7277439730779708,0.8412848172839507,,
161,X_scatter,mlp,CD14-Mono,,0.0,0.0,0.0,,,522.0,0.8252044059613001
162,X_scatter,mlp,CD49c-Myeloid,,0.42063492063492064,0.02642073778664008,0.04971857410881801,,,2006.0,0.7245841955451073
163,X_scatter,mlp,CyclingProgenitor*,,0.3333333333333333,0.0025380710659898475,0.0050377833753148605,,,394.0,0.629692250953384
164,X_scatter,mlp,DCs-CD14,,0.0,0.0,0.0,,,60.0,0.9140700846136719
165,X_scatter,mlp,EarlyGMP,,0.0,0.0,0.0,,,169.0,0.7802177116493922
166,X_scatter,mlp,Early_Pro-B,,0.16666666666666666,0.019704433497536946,0.03524229074889868,,,203.0,0.7881303883701718
167,X_scatter,mlp,EosBasoMastPre,,0.2527121888959796,0.20496894409937888,0.22635038582452127,,,1932.0,0.7553831850539845
168,X_scatter,mlp,EosBasoMastPre_2,,0.0,0.0,0.0,,,1268.0,0.6327494959400723
169,X_scatter,mlp,EryPro,,0.27884615384615385,0.3091684434968017,0.2932254802831143,,,938.0,0.8289197611341623
170,X_scatter,mlp,GMP-Cycle,,0.1841109709962169,0.10546592824464243,0.1341090018371096,,,4153.0,0.6033854586200551
171,X_scatter,mlp,GMP-Neutro,,0.2668233547748639,0.48723740682177547,0.3448165614259452,,,4427.0,0.6842241026545752
172,X_scatter,mlp,GMP-Neutro/CD16-Mono,,0.0,0.0,0.0,,,311.0,0.7497230398864803
173,X_scatter,mlp,HSCs,,0.0,0.0,0.0,,,230.0,0.6596449591797988
174,X_scatter,mlp,MEP,,0.0,0.0,0.0,,,2470.0,0.6054687562041263
175,X_scatter,mlp,MLP,,0.18807339449541285,0.023255813953488372,0.04139323573952549,,,1763.0,0.7163699744189803
176,X_scatter,mlp,MPP,,0.25857213847937716,0.6176063303659742,0.36452799346138126,,,5055.0,0.6953757851843789
177,X_scatter,mlp,MgkPro,,0.0,0.0,0.0,,,63.0,0.6953130674946488
178,X_scatter,mlp,Pro-B,,0.0,0.0,0.0,,,132.0,0.8345198672137202
179,X_scatter,mlp,pDCs/cDCs,,0.2780379041248606,0.3194159836065574,0.29729407557515797,,,3904.0,0.704158998403436
180,X_scatter,lm,GLOBAL,0.2583,0.21429044483542578,0.2583,0.1993662643972128,0.7277439730779708,0.8412848172839507,,
181,X_scatter,lm,CD14-Mono,,0.0,0.0,0.0,,,522.0,0.8252044059613001
182,X_scatter,lm,CD49c-Myeloid,,0.42063492063492064,0.02642073778664008,0.04971857410881801,,,2006.0,0.7245841955451073
183,X_scatter,lm,CyclingProgenitor*,,0.3333333333333333,0.0025380710659898475,0.0050377833753148605,,,394.0,0.629692250953384
184,X_scatter,lm,DCs-CD14,,0.0,0.0,0.0,,,60.0,0.9140700846136719
185,X_scatter,lm,EarlyGMP,,0.0,0.0,0.0,,,169.0,0.7802177116493922
186,X_scatter,lm,Early_Pro-B,,0.16666666666666666,0.019704433497536946,0.03524229074889868,,,203.0,0.7881303883701718
187,X_scatter,lm,EosBasoMastPre,,0.2527121888959796,0.20496894409937888,0.22635038582452127,,,1932.0,0.7553831850539845
188,X_scatter,lm,EosBasoMastPre_2,,0.0,0.0,0.0,,,1268.0,0.6327494959400723
189,X_scatter,lm,EryPro,,0.27884615384615385,0.3091684434968017,0.2932254802831143,,,938.0,0.8289197611341623
190,X_scatter,lm,GMP-Cycle,,0.1841109709962169,0.10546592824464243,0.1341090018371096,,,4153.0,0.6033854586200551
191,X_scatter,lm,GMP-Neutro,,0.2668233547748639,0.48723740682177547,0.3448165614259452,,,4427.0,0.6842241026545752
192,X_scatter,lm,GMP-Neutro/CD16-Mono,,0.0,0.0,0.0,,,311.0,0.7497230398864803
193,X_scatter,lm,HSCs,,0.0,0.0,0.0,,,230.0,0.6596449591797988
194,X_scatter,lm,MEP,,0.0,0.0,0.0,,,2470.0,0.6054687562041263
195,X_scatter,lm,MLP,,0.18807339449541285,0.023255813953488372,0.04139323573952549,,,1763.0,0.7163699744189803
196,X_scatter,lm,MPP,,0.25857213847937716,0.6176063303659742,0.36452799346138126,,,5055.0,0.6953757851843789
197,X_scatter,lm,MgkPro,,0.0,0.0,0.0,,,63.0,0.6953130674946488
198,X_scatter,lm,Pro-B,,0.0,0.0,0.0,,,132.0,0.8345198672137202
199,X_scatter,lm,pDCs/cDCs,,0.2780379041248606,0.3194159836065574,0.29729407557515797,,,3904.0,0.704158998403436
